layer,family,instance,method,value,reference,reference_kind,matches_reference,gap_to_reference,bound,proven_optimal,feasible,seconds,n,nodes,lp_bound,columns,used_dive,used_arcflow
L0 knapsack,Pisinger uncorrelated,knapPI_1_50_1000_1,DP (numba),8373.0,8373.0,published optimum,True,0.0,,True,True,0.1168907500104978,50.0,,,,,
L0 knapsack,Pisinger uncorrelated,knapPI_1_50_1000_1,branch & bound,8373.0,8373.0,published optimum,True,0.0,,True,True,0.0019548330456018,50.0,122.0,,,,
L0 knapsack,Pisinger uncorrelated,knapPI_1_50_1000_2,DP (numba),5847.0,5847.0,published optimum,True,0.0,,True,True,1.875002635642886e-05,50.0,,,,,
L0 knapsack,Pisinger uncorrelated,knapPI_1_50_1000_2,branch & bound,5847.0,5847.0,published optimum,True,0.0,,True,True,1.812499249354005e-05,50.0,60.0,,,,
L0 knapsack,Pisinger uncorrelated,knapPI_1_50_1000_3,DP (numba),5962.0,5962.0,published optimum,True,0.0,,True,True,1.4500052202492952e-05,50.0,,,,,
L0 knapsack,Pisinger uncorrelated,knapPI_1_50_1000_3,branch & bound,5962.0,5962.0,published optimum,True,0.0,,True,True,1.0208983439952137e-05,50.0,60.0,,,,
L0 knapsack,Pisinger uncorrelated,knapPI_1_50_1000_4,DP (numba),4888.0,4888.0,published optimum,True,0.0,,True,True,1.5249999705702066e-05,50.0,,,,,
L0 knapsack,Pisinger uncorrelated,knapPI_1_50_1000_4,branch & bound,4888.0,4888.0,published optimum,True,0.0,,True,True,8.66700429469347e-06,50.0,128.0,,,,
L0 knapsack,Pisinger uncorrelated,knapPI_1_50_1000_5,DP (numba),4889.0,4889.0,published optimum,True,0.0,,True,True,2.2082997020334005e-05,50.0,,,,,
L0 knapsack,Pisinger uncorrelated,knapPI_1_50_1000_5,branch & bound,4889.0,4889.0,published optimum,True,0.0,,True,True,8.333008736371994e-06,50.0,85.0,,,,
L0 knapsack,Pisinger uncorrelated,knapPI_1_100_1000_1,DP (numba),9147.0,9147.0,published optimum,True,0.0,,True,True,2.704199869185686e-05,100.0,,,,,
L0 knapsack,Pisinger uncorrelated,knapPI_1_100_1000_1,branch & bound,9147.0,9147.0,published optimum,True,0.0,,True,True,1.3207958545535805e-05,100.0,303.0,,,,
L0 knapsack,Pisinger uncorrelated,knapPI_1_100_1000_2,DP (numba),8600.0,8600.0,published optimum,True,0.0,,True,True,2.675002906471491e-05,100.0,,,,,
L0 knapsack,Pisinger uncorrelated,knapPI_1_100_1000_2,branch & bound,8600.0,8600.0,published optimum,True,0.0,,True,True,9.87498788163066e-06,100.0,222.0,,,,
L0 knapsack,Pisinger uncorrelated,knapPI_1_100_1000_3,DP (numba),9924.0,9924.0,published optimum,True,0.0,,True,True,4.7250010538846254e-05,100.0,,,,,
L0 knapsack,Pisinger uncorrelated,knapPI_1_100_1000_3,branch & bound,9924.0,9924.0,published optimum,True,0.0,,True,True,8.874980267137289e-06,100.0,197.0,,,,
L0 knapsack,Pisinger uncorrelated,knapPI_1_100_1000_4,DP (numba),10293.0,10293.0,published optimum,True,0.0,,True,True,7.050001295283437e-05,100.0,,,,,
L0 knapsack,Pisinger uncorrelated,knapPI_1_100_1000_4,branch & bound,10293.0,10293.0,published optimum,True,0.0,,True,True,8.499948307871819e-06,100.0,118.0,,,,
L0 knapsack,Pisinger uncorrelated,knapPI_1_100_1000_5,DP (numba),9391.0,9391.0,published optimum,True,0.0,,True,True,9.3374983407557e-05,100.0,,,,,
L0 knapsack,Pisinger uncorrelated,knapPI_1_100_1000_5,branch & bound,9391.0,9391.0,published optimum,True,0.0,,True,True,8.415954653173685e-06,100.0,207.0,,,,
L0 knapsack,Pisinger uncorrelated,knapPI_1_200_1000_1,DP (numba),11238.0,11238.0,published optimum,True,0.0,,True,True,4.858296597376466e-05,200.0,,,,,
L0 knapsack,Pisinger uncorrelated,knapPI_1_200_1000_1,branch & bound,11238.0,11238.0,published optimum,True,0.0,,True,True,1.53339933604002e-05,200.0,621.0,,,,
L0 knapsack,Pisinger uncorrelated,knapPI_1_200_1000_2,DP (numba),17058.0,17058.0,published optimum,True,0.0,,True,True,0.000143332988955,200.0,,,,,
L0 knapsack,Pisinger uncorrelated,knapPI_1_200_1000_2,branch & bound,17058.0,17058.0,published optimum,True,0.0,,True,True,1.4833000022917986e-05,200.0,541.0,,,,
L0 knapsack,Pisinger uncorrelated,knapPI_1_200_1000_3,DP (numba),19084.0,19084.0,published optimum,True,0.0,,True,True,0.000218917033635,200.0,,,,,
L0 knapsack,Pisinger uncorrelated,knapPI_1_200_1000_3,branch & bound,19084.0,19084.0,published optimum,True,0.0,,True,True,1.3792014215141536e-05,200.0,898.0,,,,
L0 knapsack,Pisinger uncorrelated,knapPI_1_200_1000_4,DP (numba),24880.0,24880.0,published optimum,True,0.0,,True,True,0.0003307499573566,200.0,,,,,
L0 knapsack,Pisinger uncorrelated,knapPI_1_200_1000_4,branch & bound,24880.0,24880.0,published optimum,True,0.0,,True,True,1.5249999705702066e-05,200.0,532.0,,,,
L0 knapsack,Pisinger uncorrelated,knapPI_1_200_1000_5,DP (numba),24000.0,24000.0,published optimum,True,0.0,,True,True,0.0004500419599935,200.0,,,,,
L0 knapsack,Pisinger uncorrelated,knapPI_1_200_1000_5,branch & bound,24000.0,24000.0,published optimum,True,0.0,,True,True,1.6624981071799994e-05,200.0,2487.0,,,,
L0 knapsack,Pisinger weakly corr.,knapPI_2_50_1000_1,DP (numba),1396.0,1396.0,published optimum,True,0.0,,True,True,1.6250007320195436e-05,50.0,,,,,
L0 knapsack,Pisinger weakly corr.,knapPI_2_50_1000_1,branch & bound,1396.0,1396.0,published optimum,True,0.0,,True,True,9.333016350865364e-06,50.0,281.0,,,,
L0 knapsack,Pisinger weakly corr.,knapPI_2_50_1000_2,DP (numba),1352.0,1352.0,published optimum,True,0.0,,True,True,1.5083991456776856e-05,50.0,,,,,
L0 knapsack,Pisinger weakly corr.,knapPI_2_50_1000_2,branch & bound,1352.0,1352.0,published optimum,True,0.0,,True,True,7.0410314947366714e-06,50.0,136.0,,,,
L0 knapsack,Pisinger weakly corr.,knapPI_2_50_1000_3,DP (numba),1348.0,1348.0,published optimum,True,0.0,,True,True,1.433398574590683e-05,50.0,,,,,
L0 knapsack,Pisinger weakly corr.,knapPI_2_50_1000_3,branch & bound,1348.0,1348.0,published optimum,True,0.0,,True,True,7.750000804662704e-06,50.0,595.0,,,,
L0 knapsack,Pisinger weakly corr.,knapPI_2_50_1000_4,DP (numba),1319.0,1319.0,published optimum,True,0.0,,True,True,1.5290977898985147e-05,50.0,,,,,
L0 knapsack,Pisinger weakly corr.,knapPI_2_50_1000_4,branch & bound,1319.0,1319.0,published optimum,True,0.0,,True,True,8.292030543088913e-06,50.0,892.0,,,,
L0 knapsack,Pisinger weakly corr.,knapPI_2_50_1000_5,DP (numba),1683.0,1683.0,published optimum,True,0.0,,True,True,2.237502485513687e-05,50.0,,,,,
L0 knapsack,Pisinger weakly corr.,knapPI_2_50_1000_5,branch & bound,1683.0,1683.0,published optimum,True,0.0,,True,True,6.082991603761911e-06,50.0,56.0,,,,
L0 knapsack,Pisinger weakly corr.,knapPI_2_100_1000_1,DP (numba),1514.0,1514.0,published optimum,True,0.0,,True,True,2.6749970857053995e-05,100.0,,,,,
L0 knapsack,Pisinger weakly corr.,knapPI_2_100_1000_1,branch & bound,1514.0,1514.0,published optimum,True,0.0,,True,True,1.3000040780752896e-05,100.0,1837.0,,,,
L0 knapsack,Pisinger weakly corr.,knapPI_2_100_1000_2,DP (numba),1590.0,1590.0,published optimum,True,0.0,,True,True,2.7375004719942808e-05,100.0,,,,,
L0 knapsack,Pisinger weakly corr.,knapPI_2_100_1000_2,branch & bound,1590.0,1590.0,published optimum,True,0.0,,True,True,8.291972335428e-06,100.0,111.0,,,,
L0 knapsack,Pisinger weakly corr.,knapPI_2_100_1000_3,DP (numba),2117.0,2117.0,published optimum,True,0.0,,True,True,5.1292008720338345e-05,100.0,,,,,
L0 knapsack,Pisinger weakly corr.,knapPI_2_100_1000_3,branch & bound,2117.0,2117.0,published optimum,True,0.0,,True,True,9.209034033119678e-06,100.0,553.0,,,,
L0 knapsack,Pisinger weakly corr.,knapPI_2_100_1000_4,DP (numba),2788.0,2788.0,published optimum,True,0.0,,True,True,7.445801747962832e-05,100.0,,,,,
L0 knapsack,Pisinger weakly corr.,knapPI_2_100_1000_4,branch & bound,2788.0,2788.0,published optimum,True,0.0,,True,True,7.833994459360838e-06,100.0,142.0,,,,
L0 knapsack,Pisinger weakly corr.,knapPI_2_100_1000_5,DP (numba),3352.0,3352.0,published optimum,True,0.0,,True,True,0.0001067910343408,100.0,,,,,
L0 knapsack,Pisinger weakly corr.,knapPI_2_100_1000_5,branch & bound,3352.0,3352.0,published optimum,True,0.0,,True,True,1.07499654404819e-05,100.0,1435.0,,,,
L0 knapsack,Pisinger weakly corr.,knapPI_2_200_1000_1,DP (numba),1634.0,1634.0,published optimum,True,0.0,,True,True,5.1333976443856955e-05,200.0,,,,,
L0 knapsack,Pisinger weakly corr.,knapPI_2_200_1000_1,branch & bound,1634.0,1634.0,published optimum,True,0.0,,True,True,1.912500010803342e-05,200.0,3414.0,,,,
L0 knapsack,Pisinger weakly corr.,knapPI_2_200_1000_2,DP (numba),3321.0,3321.0,published optimum,True,0.0,,True,True,0.0001454169978387,200.0,,,,,
L0 knapsack,Pisinger weakly corr.,knapPI_2_200_1000_2,branch & bound,3321.0,3321.0,published optimum,True,0.0,,True,True,1.425005029886961e-05,200.0,1052.0,,,,
L0 knapsack,Pisinger weakly corr.,knapPI_2_200_1000_3,DP (numba),4207.0,4207.0,published optimum,True,0.0,,True,True,0.0002289999974891,200.0,,,,,
L0 knapsack,Pisinger weakly corr.,knapPI_2_200_1000_3,branch & bound,4207.0,4207.0,published optimum,True,0.0,,True,True,1.1625001206994057e-05,200.0,329.0,,,,
L0 knapsack,Pisinger weakly corr.,knapPI_2_200_1000_4,DP (numba),5566.0,5566.0,published optimum,True,0.0,,True,True,0.0003264590050093,200.0,,,,,
L0 knapsack,Pisinger weakly corr.,knapPI_2_200_1000_4,branch & bound,5566.0,5566.0,published optimum,True,0.0,,True,True,1.570803578943014e-05,200.0,2293.0,,,,
L0 knapsack,Pisinger weakly corr.,knapPI_2_200_1000_5,DP (numba),6761.0,6761.0,published optimum,True,0.0,,True,True,0.0004666249733418,200.0,,,,,
L0 knapsack,Pisinger weakly corr.,knapPI_2_200_1000_5,branch & bound,6761.0,6761.0,published optimum,True,0.0,,True,True,1.1666968930512668e-05,200.0,406.0,,,,
L0 knapsack,Pisinger strongly corr.,knapPI_3_50_1000_1,DP (numba),1894.0,1894.0,published optimum,True,0.0,,True,True,1.670804340392351e-05,50.0,,,,,
L0 knapsack,Pisinger strongly corr.,knapPI_3_50_1000_1,branch & bound,1894.0,1894.0,published optimum,True,0.0,,True,True,9.70799010246992e-06,50.0,1246.0,,,,
L0 knapsack,Pisinger strongly corr.,knapPI_3_50_1000_2,DP (numba),1678.0,1678.0,published optimum,True,0.0,,True,True,1.3208016753196716e-05,50.0,,,,,
L0 knapsack,Pisinger strongly corr.,knapPI_3_50_1000_2,branch & bound,1678.0,1678.0,published optimum,True,0.0,,True,True,6.791029591113329e-06,50.0,124.0,,,,
L0 knapsack,Pisinger strongly corr.,knapPI_3_50_1000_3,DP (numba),1798.0,1798.0,published optimum,True,0.0,,True,True,1.6207981389015913e-05,50.0,,,,,
L0 knapsack,Pisinger strongly corr.,knapPI_3_50_1000_3,branch & bound,1798.0,1798.0,published optimum,True,0.0,,True,True,1.1832977179437876e-05,50.0,3438.0,,,,
L0 knapsack,Pisinger strongly corr.,knapPI_3_50_1000_4,DP (numba),1897.0,1897.0,published optimum,True,0.0,,True,True,1.8082966562360525e-05,50.0,,,,,
L0 knapsack,Pisinger strongly corr.,knapPI_3_50_1000_4,branch & bound,1897.0,1897.0,published optimum,True,0.0,,True,True,8.833012543618679e-06,50.0,1712.0,,,,
L0 knapsack,Pisinger strongly corr.,knapPI_3_50_1000_5,DP (numba),2415.0,2415.0,published optimum,True,0.0,,True,True,2.7875008527189493e-05,50.0,,,,,
L0 knapsack,Pisinger strongly corr.,knapPI_3_50_1000_5,branch & bound,2415.0,2415.0,published optimum,True,0.0,,True,True,6.458023563027382e-06,50.0,161.0,,,,
L0 knapsack,Pisinger strongly corr.,knapPI_3_100_1000_1,DP (numba),2397.0,2397.0,published optimum,True,0.0,,True,True,4.108302528038621e-05,100.0,,,,,
L0 knapsack,Pisinger strongly corr.,knapPI_3_100_1000_1,branch & bound,2397.0,2397.0,published optimum,True,0.0,,True,True,9.91596607491374e-06,100.0,720.0,,,,
L0 knapsack,Pisinger strongly corr.,knapPI_3_100_1000_2,DP (numba),2243.0,2243.0,published optimum,True,0.0,,True,True,3.504101186990738e-05,100.0,,,,,
L0 knapsack,Pisinger strongly corr.,knapPI_3_100_1000_2,branch & bound,2243.0,2243.0,published optimum,True,0.0,,True,True,5.76250022277236e-05,100.0,37822.0,,,,
L0 knapsack,Pisinger strongly corr.,knapPI_3_100_1000_3,DP (numba),3320.0,3320.0,published optimum,True,0.0,,True,True,7.000000914558768e-05,100.0,,,,,
L0 knapsack,Pisinger strongly corr.,knapPI_3_100_1000_3,branch & bound,3320.0,3320.0,published optimum,True,0.0,,True,True,8.459028322249651e-06,100.0,544.0,,,,
L0 knapsack,Pisinger strongly corr.,knapPI_3_100_1000_4,DP (numba),3773.0,3773.0,published optimum,True,0.0,,True,True,9.650003630667924e-05,100.0,,,,,
L0 knapsack,Pisinger strongly corr.,knapPI_3_100_1000_4,branch & bound,3773.0,3773.0,published optimum,True,0.0,,True,True,1.5833007637411356e-05,100.0,5364.0,,,,
L0 knapsack,Pisinger strongly corr.,knapPI_3_100_1000_5,DP (numba),4599.0,4599.0,published optimum,True,0.0,,True,True,0.00014741695486,100.0,,,,,
L0 knapsack,Pisinger strongly corr.,knapPI_3_100_1000_5,branch & bound,4599.0,4599.0,published optimum,True,0.0,,True,True,2.4667009711265564e-05,100.0,11674.0,,,,
L0 knapsack,Pisinger strongly corr.,knapPI_3_200_1000_1,DP (numba),2697.0,2697.0,published optimum,True,0.0,,True,True,7.004104554653168e-05,200.0,,,,,
L0 knapsack,Pisinger strongly corr.,knapPI_3_200_1000_1,branch & bound,2697.0,2697.0,published optimum,True,0.0,,True,True,0.0001504159881733,200.0,111276.0,,,,
L0 knapsack,Pisinger strongly corr.,knapPI_3_200_1000_2,DP (numba),4577.0,4577.0,published optimum,True,0.0,,True,True,0.0001867500250227,200.0,,,,,
L0 knapsack,Pisinger strongly corr.,knapPI_3_200_1000_2,branch & bound,4577.0,4577.0,published optimum,True,0.0,,True,True,0.0042728330008685,200.0,3222405.0,,,,
L0 knapsack,Pisinger strongly corr.,knapPI_3_200_1000_3,DP (numba),6458.0,6458.0,published optimum,True,0.0,,True,True,0.0003341659903526,200.0,,,,,
L0 knapsack,Pisinger strongly corr.,knapPI_3_200_1000_3,branch & bound,6458.0,6458.0,published optimum,True,0.0,,True,True,0.0001974580227397,200.0,132342.0,,,,
L0 knapsack,Pisinger strongly corr.,knapPI_3_200_1000_4,DP (numba),7968.0,7968.0,published optimum,True,0.0,,True,True,0.0004475000314414,200.0,,,,,
L0 knapsack,Pisinger strongly corr.,knapPI_3_200_1000_4,branch & bound,7968.0,7968.0,published optimum,True,0.0,,True,True,0.0001533750328235,200.0,99230.0,,,,
L0 knapsack,Pisinger strongly corr.,knapPI_3_200_1000_5,DP (numba),8982.0,8982.0,published optimum,True,0.0,,True,True,0.0005539580015465,200.0,,,,,
L0 knapsack,Pisinger strongly corr.,knapPI_3_200_1000_5,branch & bound,8982.0,8982.0,published optimum,True,0.0,,True,True,0.0008002920076251,200.0,563000.0,,,,
L0 knapsack,Pisinger inv. strongly corr.,knapPI_4_50_1000_1,DP (numba),994.0,994.0,published optimum,True,0.0,,True,True,1.3792014215141536e-05,50.0,,,,,
L0 knapsack,Pisinger inv. strongly corr.,knapPI_4_50_1000_1,branch & bound,994.0,994.0,published optimum,True,0.0,,True,True,9.375042282044888e-06,50.0,52.0,,,,
L0 knapsack,Pisinger inv. strongly corr.,knapPI_4_50_1000_2,DP (numba),997.0,997.0,published optimum,True,0.0,,True,True,1.091597368940711e-05,50.0,,,,,
L0 knapsack,Pisinger inv. strongly corr.,knapPI_4_50_1000_2,branch & bound,997.0,997.0,published optimum,True,0.0,,True,True,6.999995093792677e-06,50.0,52.0,,,,
L0 knapsack,Pisinger inv. strongly corr.,knapPI_4_50_1000_3,DP (numba),998.0,998.0,published optimum,True,0.0,,True,True,1.229200279340148e-05,50.0,,,,,
L0 knapsack,Pisinger inv. strongly corr.,knapPI_4_50_1000_3,branch & bound,998.0,998.0,published optimum,True,0.0,,True,True,6.167043466120958e-06,50.0,52.0,,,,
L0 knapsack,Pisinger inv. strongly corr.,knapPI_4_50_1000_4,DP (numba),999.0,999.0,published optimum,True,0.0,,True,True,1.3666984159499409e-05,50.0,,,,,
L0 knapsack,Pisinger inv. strongly corr.,knapPI_4_50_1000_4,branch & bound,999.0,999.0,published optimum,True,0.0,,True,True,5.875015631318092e-06,50.0,52.0,,,,
L0 knapsack,Pisinger inv. strongly corr.,knapPI_4_50_1000_5,DP (numba),1278.0,1278.0,published optimum,True,0.0,,True,True,2.4958979338407516e-05,50.0,,,,,
L0 knapsack,Pisinger inv. strongly corr.,knapPI_4_50_1000_5,branch & bound,1278.0,1278.0,published optimum,True,0.0,,True,True,7.5830030255019665e-06,50.0,495.0,,,,
L0 knapsack,Pisinger inv. strongly corr.,knapPI_4_100_1000_1,DP (numba),997.0,997.0,published optimum,True,0.0,,True,True,2.500001573935151e-05,100.0,,,,,
L0 knapsack,Pisinger inv. strongly corr.,knapPI_4_100_1000_1,branch & bound,997.0,997.0,published optimum,True,0.0,,True,True,1.0041985660791395e-05,100.0,102.0,,,,
L0 knapsack,Pisinger inv. strongly corr.,knapPI_4_100_1000_2,DP (numba),1041.0,1041.0,published optimum,True,0.0,,True,True,3.024999750778079e-05,100.0,,,,,
L0 knapsack,Pisinger inv. strongly corr.,knapPI_4_100_1000_2,branch & bound,1041.0,1041.0,published optimum,True,0.0,,True,True,1.2167030945420264e-05,100.0,2696.0,,,,
L0 knapsack,Pisinger inv. strongly corr.,knapPI_4_100_1000_3,DP (numba),1619.0,1619.0,published optimum,True,0.0,,True,True,6.445799954235554e-05,100.0,,,,,
L0 knapsack,Pisinger inv. strongly corr.,knapPI_4_100_1000_3,branch & bound,1619.0,1619.0,published optimum,True,0.0,,True,True,1.133297337219119e-05,100.0,1970.0,,,,
L0 knapsack,Pisinger inv. strongly corr.,knapPI_4_100_1000_4,DP (numba),1977.0,1977.0,published optimum,True,0.0,,True,True,8.916598744690418e-05,100.0,,,,,
L0 knapsack,Pisinger inv. strongly corr.,knapPI_4_100_1000_4,branch & bound,1977.0,1977.0,published optimum,True,0.0,,True,True,3.2999960239976645e-05,100.0,18437.0,,,,
L0 knapsack,Pisinger inv. strongly corr.,knapPI_4_100_1000_5,DP (numba),2594.0,2594.0,published optimum,True,0.0,,True,True,0.0001207920140586,100.0,,,,,
L0 knapsack,Pisinger inv. strongly corr.,knapPI_4_100_1000_5,branch & bound,2594.0,2594.0,published optimum,True,0.0,,True,True,1.37080205604434e-05,100.0,3285.0,,,,
L0 knapsack,Pisinger inv. strongly corr.,knapPI_4_200_1000_1,DP (numba),997.0,997.0,published optimum,True,0.0,,True,True,5.1957962568849325e-05,200.0,,,,,
L0 knapsack,Pisinger inv. strongly corr.,knapPI_4_200_1000_1,branch & bound,997.0,997.0,published optimum,True,0.0,,True,True,3.187498077750206e-05,200.0,10006.0,,,,
L0 knapsack,Pisinger inv. strongly corr.,knapPI_4_200_1000_2,DP (numba),2073.0,2073.0,published optimum,True,0.0,,True,True,0.0001492080045863,200.0,,,,,
L0 knapsack,Pisinger inv. strongly corr.,knapPI_4_200_1000_2,branch & bound,2073.0,2073.0,published optimum,True,0.0,,True,True,0.0002154999529011,200.0,164548.0,,,,
L0 knapsack,Pisinger inv. strongly corr.,knapPI_4_200_1000_3,DP (numba),3152.0,3152.0,published optimum,True,0.0,,True,True,0.000294416968245,200.0,,,,,
L0 knapsack,Pisinger inv. strongly corr.,knapPI_4_200_1000_3,branch & bound,3152.0,3152.0,published optimum,True,0.0,,True,True,0.0018464159802533,200.0,1387741.0,,,,
L0 knapsack,Pisinger inv. strongly corr.,knapPI_4_200_1000_4,DP (numba),4360.0,4360.0,published optimum,True,0.0,,True,True,0.0004085420514456,200.0,,,,,
L0 knapsack,Pisinger inv. strongly corr.,knapPI_4_200_1000_4,branch & bound,4360.0,4360.0,published optimum,True,0.0,,True,True,0.0042665830114856,200.0,3182771.0,,,,
L0 knapsack,Pisinger inv. strongly corr.,knapPI_4_200_1000_5,DP (numba),5372.0,5372.0,published optimum,True,0.0,,True,True,0.000558124971576,200.0,,,,,
L0 knapsack,Pisinger inv. strongly corr.,knapPI_4_200_1000_5,branch & bound,5372.0,5372.0,published optimum,True,0.0,,False,True,0.0065317919943481,200.0,5000001.0,,,,
L1 allocation (MKP),Chu-Beasley m=5 n=100,mknapcb1:5.100-00,dual-ratio greedy + 1-swap,24204.0,24381.0,best known,False,0.0072597514457979,,False,True,0.0017074159695766,,,,,,
L1 allocation (MKP),Chu-Beasley m=5 n=100,mknapcb1:5.100-00,"MIP (highs, 5s)",24381.0,24381.0,best known,True,0.0,24381.00000000003,True,True,3.51056745799724,,,,,,
L1 allocation (MKP),Chu-Beasley m=5 n=100,mknapcb1:5.100-10,dual-ratio greedy + 1-swap,42476.0,42757.0,best known,False,0.0065720232944313,,False,True,0.0009345409926027,,,,,,
L1 allocation (MKP),Chu-Beasley m=5 n=100,mknapcb1:5.100-10,"MIP (highs, 5s)",42757.0,42757.0,best known,True,0.0,42757.00000000001,True,True,0.7667096250224859,,,,,,
L1 allocation (MKP),Chu-Beasley m=5 n=100,mknapcb1:5.100-20,dual-ratio greedy + 1-swap,59670.0,59822.0,best known,False,0.002540871251379,,False,True,0.0006115409778431,,,,,,
L1 allocation (MKP),Chu-Beasley m=5 n=100,mknapcb1:5.100-20,"MIP (highs, 5s)",59822.0,59822.0,best known,True,0.0,59822.0,True,True,0.6602340419776738,,,,,,
L2 matching (GAP),OR-Library gap1-12,gap1:5x15-1,"MIP (highs, 5s)",336.0,336.0,published optimum,True,0.0,336.0,True,True,0.0099949589930474,,,,,,
L2 matching (GAP),OR-Library gap1-12,gap1:5x15-1,regret greedy + local search,331.0,336.0,published optimum,False,0.0148809523809523,,False,True,0.0006240420043468,,,,,,
L2 matching (GAP),OR-Library gap1-12,gap1:5x15-2,"MIP (highs, 5s)",327.0,327.0,published optimum,True,0.0,327.0000000000002,True,True,0.0112547079916112,,,,,,
L2 matching (GAP),OR-Library gap1-12,gap1:5x15-2,regret greedy + local search,,327.0,published optimum,False,,,False,False,0.0003337499802,,,,,,
L2 matching (GAP),OR-Library gap1-12,gap6:8x32-1,"MIP (highs, 5s)",761.0,761.0,published optimum,True,0.0,761.0,True,True,0.1546999579877592,,,,,,
L2 matching (GAP),OR-Library gap1-12,gap6:8x32-1,regret greedy + local search,,761.0,published optimum,False,,,False,False,0.0012260840157978,,,,,,
L2 matching (GAP),OR-Library gap1-12,gap6:8x32-2,"MIP (highs, 5s)",759.0,759.0,published optimum,True,0.0,759.0,True,True,0.1345785420271568,,,,,,
L2 matching (GAP),OR-Library gap1-12,gap6:8x32-2,regret greedy + local search,,759.0,published optimum,False,,,False,False,0.0011641660239547,,,,,,
L2 matching (GAP),OR-Library gap1-12,gap12:10x60-1,"MIP (highs, 5s)",1451.0,1451.0,published optimum,True,0.0,1451.0,True,True,0.108650166017469,,,,,,
L2 matching (GAP),OR-Library gap1-12,gap12:10x60-1,regret greedy + local search,1439.0,1451.0,published optimum,False,0.0082701585113714,,False,True,0.0059816249995492,,,,,,
L2 matching (GAP),OR-Library gap1-12,gap12:10x60-2,"MIP (highs, 5s)",1449.0,1449.0,published optimum,True,0.0,1449.0,True,True,0.1698198749800212,,,,,,
L2 matching (GAP),OR-Library gap1-12,gap12:10x60-2,regret greedy + local search,,1449.0,published optimum,False,,,False,False,0.0039610419771634,,,,,,
L2 matching (GAP),OR-Library gapa (type A),gapa:5x100-1,"MIP (highs, 5s)",1698.0,1698.0,own proven optimum,True,0.0,1698.0,True,True,0.0043854159885086,,,,,,
L2 matching (GAP),OR-Library gapa (type A),gapa:5x100-1,regret greedy + local search,1698.0,1698.0,own proven optimum,True,0.0,,False,True,0.0124076670035719,,,,,,
L2 matching (GAP),OR-Library gapa (type A),gapa:5x200-2,"MIP (highs, 5s)",3235.0,3235.0,own proven optimum,True,0.0,3235.0,True,True,0.0090202079736627,,,,,,
L2 matching (GAP),OR-Library gapa (type A),gapa:5x200-2,regret greedy + local search,3235.0,3235.0,own proven optimum,True,0.0,,False,True,0.0463257079827599,,,,,,
L3 loading (BPP),Falkenauer uniform n=120,u120_00,FFD,49.0,48.0,proven optimum,False,0.0208333333333333,48.0,False,True,0.001320166978985,,,,,,
L3 loading (BPP),Falkenauer uniform n=120,u120_00,BFD,49.0,48.0,proven optimum,False,0.0208333333333333,48.0,False,True,0.0006831249920651,,,,,,
L3 loading (BPP),Falkenauer uniform n=120,u120_00,"column generation (+dive, +arc-flow)",48.0,48.0,proven optimum,True,0.0,48.0,True,True,0.1108959169941954,,,47.26595744680851,193.0,False,False
L3 loading (BPP),Falkenauer uniform n=120,u120_00,compact assignment MIP (10s),49.0,48.0,proven optimum,False,0.0208333333333333,48.0,False,True,10.008505791018251,,,,,,
L3 loading (BPP),Falkenauer uniform n=120,u120_01,FFD,49.0,49.0,proven optimum,True,0.0,49.0,True,True,0.0005898329545743,,,,,,
L3 loading (BPP),Falkenauer uniform n=120,u120_01,BFD,49.0,49.0,proven optimum,True,0.0,49.0,True,True,0.0006212909938767,,,,,,
L3 loading (BPP),Falkenauer uniform n=120,u120_01,"column generation (+dive, +arc-flow)",49.0,49.0,proven optimum,True,0.0,49.0,True,True,0.1427025419543497,,,48.04861111111111,202.0,False,False
L3 loading (BPP),Falkenauer uniform n=120,u120_01,compact assignment MIP (10s),49.0,49.0,proven optimum,True,0.0,49.0,True,True,0.1255882080295123,,,,,,
L3 loading (BPP),Falkenauer uniform n=120,u120_02,FFD,47.0,46.0,proven optimum,False,0.0217391304347826,46.0,False,True,0.0006000000284984,,,,,,
L3 loading (BPP),Falkenauer uniform n=120,u120_02,BFD,47.0,46.0,proven optimum,False,0.0217391304347826,46.0,False,True,0.0006274160114116,,,,,,
L3 loading (BPP),Falkenauer uniform n=120,u120_02,"column generation (+dive, +arc-flow)",46.0,46.0,proven optimum,True,0.0,46.0,True,True,0.186414958036039,,,45.29333333333335,208.0,False,False
L3 loading (BPP),Falkenauer uniform n=120,u120_02,compact assignment MIP (10s),47.0,46.0,proven optimum,False,0.0217391304347826,46.0,False,True,10.009730666992256,,,,,,
L3 loading (BPP),Falkenauer uniform n=120,u120_03,FFD,50.0,49.0,proven optimum,False,0.0204081632653061,49.0,False,True,0.0006342910346575,,,,,,
L3 loading (BPP),Falkenauer uniform n=120,u120_03,BFD,50.0,49.0,proven optimum,False,0.0204081632653061,49.0,False,True,0.0006535830325447,,,,,,
L3 loading (BPP),Falkenauer uniform n=120,u120_03,"column generation (+dive, +arc-flow)",49.0,49.0,proven optimum,True,0.0,49.0,True,True,0.203881082998123,,,48.62595419847328,210.0,False,False
L3 loading (BPP),Falkenauer uniform n=120,u120_03,compact assignment MIP (10s),50.0,49.0,proven optimum,False,0.0204081632653061,49.0,False,True,10.007935042027384,,,,,,
L3 loading (BPP),Falkenauer uniform n=120,u120_04,FFD,50.0,50.0,proven optimum,True,0.0,50.0,True,True,0.0006372919888235,,,,,,
L3 loading (BPP),Falkenauer uniform n=120,u120_04,BFD,50.0,50.0,proven optimum,True,0.0,50.0,True,True,0.0007700409623794,,,,,,
L3 loading (BPP),Falkenauer uniform n=120,u120_04,"column generation (+dive, +arc-flow)",50.0,50.0,proven optimum,True,0.0,50.0,True,True,0.1099303329829126,,,49.08503401360544,208.0,False,False
L3 loading (BPP),Falkenauer uniform n=120,u120_04,compact assignment MIP (10s),50.0,50.0,proven optimum,True,0.0,50.0,True,True,0.1274320830125361,,,,,,
L3 loading (BPP),Falkenauer triplet n=60,t60_00,FFD,23.0,20.0,proven optimum,False,0.15,20.0,False,True,0.0003802079590968,,,,,,
L3 loading (BPP),Falkenauer triplet n=60,t60_00,BFD,23.0,20.0,proven optimum,False,0.15,20.0,False,True,0.000376415962819,,,,,,
L3 loading (BPP),Falkenauer triplet n=60,t60_00,"column generation (+dive, +arc-flow)",20.0,20.0,proven optimum,True,0.0,20.0,True,True,0.1264347919495776,,,20.0,228.0,False,False
L3 loading (BPP),Falkenauer triplet n=60,t60_00,compact assignment MIP (10s),21.0,20.0,proven optimum,False,0.05,20.0,False,True,10.002764958015176,,,,,,
L3 loading (BPP),Falkenauer triplet n=60,t60_01,FFD,23.0,20.0,proven optimum,False,0.15,20.0,False,True,0.000384707993362,,,,,,
L3 loading (BPP),Falkenauer triplet n=60,t60_01,BFD,23.0,20.0,proven optimum,False,0.15,20.0,False,True,0.0004137499490752,,,,,,
L3 loading (BPP),Falkenauer triplet n=60,t60_01,"column generation (+dive, +arc-flow)",20.0,20.0,proven optimum,True,0.0,20.0,True,True,0.3702244999585673,,,19.999999999999993,272.0,True,False
L3 loading (BPP),Falkenauer triplet n=60,t60_01,compact assignment MIP (10s),21.0,20.0,proven optimum,False,0.05,20.0,False,True,10.002686083025765,,,,,,
L3 loading (BPP),Falkenauer triplet n=60,t60_02,FFD,23.0,20.0,proven optimum,False,0.15,20.0,False,True,0.0003508749650791,,,,,,
L3 loading (BPP),Falkenauer triplet n=60,t60_02,BFD,23.0,20.0,proven optimum,False,0.15,20.0,False,True,0.0003561250050552,,,,,,
L3 loading (BPP),Falkenauer triplet n=60,t60_02,"column generation (+dive, +arc-flow)",20.0,20.0,proven optimum,True,0.0,20.0,True,True,0.1054781249840743,,,20.0,217.0,False,False
L3 loading (BPP),Falkenauer triplet n=60,t60_02,compact assignment MIP (10s),21.0,20.0,proven optimum,False,0.05,20.0,False,True,10.002490167040378,,,,,,
L3 loading (BPP),Falkenauer triplet n=60,t60_03,FFD,23.0,20.0,proven optimum,False,0.15,20.0,False,True,0.0003582499921321,,,,,,
L3 loading (BPP),Falkenauer triplet n=60,t60_03,BFD,23.0,20.0,proven optimum,False,0.15,20.0,False,True,0.0003698749933391,,,,,,
L3 loading (BPP),Falkenauer triplet n=60,t60_03,"column generation (+dive, +arc-flow)",20.0,20.0,proven optimum,True,0.0,20.0,True,True,0.1160538750118576,,,20.000000000000018,219.0,False,False
L3 loading (BPP),Falkenauer triplet n=60,t60_03,compact assignment MIP (10s),21.0,20.0,proven optimum,False,0.05,20.0,False,True,10.003101915994192,,,,,,
L3 loading (BPP),Falkenauer triplet n=60,t60_04,FFD,24.0,20.0,proven optimum,False,0.2,20.0,False,True,0.0003451660159043,,,,,,
L3 loading (BPP),Falkenauer triplet n=60,t60_04,BFD,24.0,20.0,proven optimum,False,0.2,20.0,False,True,0.0003554580034688,,,,,,
L3 loading (BPP),Falkenauer triplet n=60,t60_04,"column generation (+dive, +arc-flow)",20.0,20.0,proven optimum,True,0.0,20.0,True,True,0.1756207500002347,,,20.0,221.0,True,False
L3 loading (BPP),Falkenauer triplet n=60,t60_04,compact assignment MIP (10s),21.0,20.0,proven optimum,False,0.05,20.0,False,True,10.004015624988824,,,,,,
